,title,Posted_date,location
0,Senior QA Engineer,27/01/23,"Auckland CBD, Auckland"
1,Senior QA Engineer,27/01/23,"Palmerston North Central, Manawatu"
2,Senior QA Engineer,27/01/23,Wellington
3,Senior Test Automation Engineer,27/01/23,"Wellington Central, Wellington"
4,Senior QA Engineer,27/01/23,"Auckland CBD, Auckland"
5,Senior QA Engineer,27/01/23,"Palmerston North Central, Manawatu"
6,Senior QA Engineer,27/01/23,Wellington
7,Senior Content Developer,27/01/23,Wellington
8,Senior Site Reliability Engineer,27/01/23,"Auckland CBD, Auckland"
9,Senior Software Developer,27/01/23,"Auckland CBD, Auckland"
10,Senior Site Reliability Engineer,27/01/23,"Auckland CBD, Auckland"
11,Test Automation Engineer,27/01/23,"Wellington Central, Wellington"
12,Service Desk Analyst - After Hours,27/01/23,"Auckland CBD, Auckland"
13,Cloud Software Developer,27/01/23,Wellington
14,Software Developer,27/01/23,Wellington
15,Senior Software Engineer - PHP and/or Java,27/01/23,"Auckland CBD, Auckland"
16,Embedded Software Engineer - C Programming,28/01/23,"East Tamaki, Auckland"
17,Server and Desktop Support Engineer,28/01/23,"Matamata, Waikato"
18,Full stack developer,29/01/23,"Christchurch Central, Canterbury"
19,Geotechnical Engineer / Engineering Geologist - Queenstown,29/01/23,"Queenstown, Otago"
20,Software Developer,18/01/23,"Te Aro, Wellington"
21,Software Developer,18/01/23,"Te Aro, Wellington"
22,Full Stack Developer (Java),27/01/23,"Wellington Central, Wellington"
23,Senior Developer (Mobile),27/01/23,"Auckland CBD, Auckland"
24,Senior Developer (Mobile),27/01/23,"Christchurch, Canterbury"
25,Senior Developer (Mobile),27/01/23,Wellington
26,Senior .NET Developer,27/01/23,"Wellington Central, Wellington"
27,Software Developer,27/01/23,Auckland
28,Manager Air Traffic Software Development ,27/01/23,"Christchurch, Canterbury"
29,Senior Embedded Systems Engineer,27/01/23,"Mangere, Auckland"
30,Senior Project Manager - Local Government,27/01/23,"Auckland CBD, Auckland"
31,Lead .Net Developer ,27/01/23,"Wellington Central, Wellington"
32,Applications Systems Engineer,27/01/23,"Hataitai, Wellington"
33,Senior .Net Developer ,27/01/23,"Wellington Central, Wellington"
34,Software Development Manager,27/01/23,"Wigram, Canterbury"
35,C++ Unreal Engine Developer,27/01/23,"Auckland CBD, Auckland"
36,Industrial Programmer,27/01/23,"Wigram, Canterbury"
37,Software Solutions Consultant,27/01/23,"Wellington Central, Wellington"
38,Software Development Team Lead,27/01/23,"Christchurch Central, Canterbury"
39,Senior Software Engineer,27/01/23,"Auckland CBD, Auckland"
40,Lead Salesforce Developer,27/01/23,"Wellington Central, Wellington"
41,Web & Graphic Design Tutor,27/01/23,"Wellington Central, Wellington"
42,Managed Services Engineer,23/01/23,"Grafton, Auckland"
43,Senior Software Developer,18/01/23,"Birkenhead, Auckland"
44,Platform Engineer Delivery Lead,27/01/23,"Wellington Central, Wellington"
45,Automation Tester,27/01/23,Auckland
46,Senior Software Engineer - React + JS,27/01/23,"Auckland CBD, Auckland"
47,BI Analyst,27/01/23,"Auckland CBD, Auckland"
48,"Remote Senior Software Developer  (TypeScript, NodeJS, React, JavaScript)",27/01/23,Auckland
49,DevOps Engineer,27/01/23,"Wellington Central, Wellington"
50,Information Systems Engineer,27/01/23,"Christchurch Central, Canterbury"
51,Interactive Developer,27/01/23,"Wellington Central, Wellington"
52,Mobile Automation Tester (x2),27/01/23,"Wellington Central, Wellington"
53,Senior Account Manager (12-Month Contract),27/01/23,"Auckland CBD, Auckland"
54,LEAD SOFTWARE ENGINEER,27/01/23,"Auckland CBD, Auckland"
55,GEOTECHNICAL ENGINEER PRODUCT DESIGNER,27/01/23,"Auckland CBD, Auckland"
56,DATA SCIENTIST,27/01/23,"Auckland CBD, Auckland"
57,GIS SOFTWARE ENGINEER,27/01/23,"Auckland CBD, Auckland"
58,CHIEF TECHNOLOGY OFFICER,27/01/23,"Auckland CBD, Auckland"
59,SENIOR DATA ENGINEER,27/01/23,"Auckland CBD, Auckland"
60,LEAD DIGITAL PRODUCT DESIGNER,27/01/23,"Auckland CBD, Auckland"
61,PLATFORM ENGINEER,27/01/23,"Auckland CBD, Auckland"
62,Data Engineer,27/01/23,"Auckland CBD, Auckland"
63,Dot Net Developer,27/01/23,"Parnell, Auckland"
64,Junior/IntermediateDeveloper,19/01/23,"Wellington Central, Wellington"
65,Senior Embedded Systems Engineer,27/01/23,"Mangere, Auckland"
66,Data Engineer - contract,26/01/23,"Auckland CBD, Auckland"
67,Data Product Developer,26/01/23,"Wellington Central, Wellington"
68,Senior Data Product Developer,26/01/23,"Wellington Central, Wellington"
69,Junior DevOps Engineer,26/01/23,"Wellington Central, Wellington"
70,Accountant,26/01/23,"Albany, Auckland"
71,"Engineer, IDAM/PKI",26/01/23,"Petone, Wellington"
72,Software Developer,26/01/23,"Hamilton East, Waikato"
73,Data Centre Operations Manager 24/7,26/01/23,"Wellington Central, Wellington"
74,Software Engineer Oceanographic,26/01/23,"Wellington Central, Wellington"
75,Intermediate Software Developer | TotalControl,26/01/23,"Christchurch, Canterbury"
76,Senior Software Developer | TotalControl,26/01/23,"Christchurch, Canterbury"
77,Quality Assurance - Network Test Engineer,27/01/23,"Wellington Central, Wellington"
78,DevOps Engineer,27/01/23,"Christchurch Central, Canterbury"
79,Land Surveyor,27/01/23,Auckland
80,Senior Software Engineer - Java,27/01/23,"Auckland CBD, Auckland"
81,Developer - Automation,27/01/23,"Auckland CBD, Auckland"
82,Test Specialist - Digital,27/01/23,"Mangere, Auckland"
83,DevOps Platform Engineer,27/01/23,"Auckland CBD, Auckland"
84,Platform Engineer,27/01/23,"Wellington Central, Wellington"
85,Senior DevOps Engineer,27/01/23,"Lower Hutt, Wellington"
86,ICT Engineer,10/01/23,"Christchurch Central, Canterbury"
87,CNC Router Programmer,26/01/23,"Rukuhia, Waikato"
88,CNC Router Programmer,26/01/23,"Rukuhia, Waikato"
89,ReactJS developer,26/01/23,Auckland
90,Developer,26/01/23,"Lower Hutt, Wellington"
91,Senior Developer,26/01/23,"Lower Hutt, Wellington"
92,Senior Software Engineer - Java Microservices,26/01/23,"Auckland CBD, Auckland"
93,Senior API Developer,26/01/23,Auckland
94,Multiple SRE Engineers,26/01/23,Auckland
95,Software Implementation Consultant,26/01/23,"Parnell, Auckland"
96,Manager - Core Applications and Digital Platforms,26/01/23,"Wellington Central, Wellington"
97,Manager - Core Applications and Digital Platforms,26/01/23,"Auckland CBD, Auckland"
98,Android Developer,26/01/23,"Rodney & North Shore, Auckland"
99,Software Engineer,26/01/23,"Mairangi Bay, Auckland"
100,Senior Dev Ops Engineer - Contract hourly rate opportunity,26/01/23,"Wellington Central, Wellington"
101,Full Stack Software Developers - Intermediate/Senior,26/01/23,"Christchurch Central, Canterbury"
102,Personal Assistant,26/01/23,"Nelson Central, Tasman"
103,Senior API Developer ,26/01/23,"Auckland CBD, Auckland"
104,Senior Real Estate AI developer,26/01/23,"Auckland CBD, Auckland"
105,API Developer ,26/01/23,"Auckland CBD, Auckland"
106,"Entry Level PHP Software Developer, JavaScript, HTML, SQL Programmer / Coder",26/01/23,"Albany, Auckland"
107,Senior DevOps Engineer / Architect,26/01/23,"Auckland CBD, Auckland"
108,Head of Services,20/01/23,"Thorndon, Wellington"
109,Student Services Manager,25/01/23,"Auckland CBD, Auckland"
110,AI Engineer,25/01/23,"Wellington Central, Wellington"
111,Embedded Systems Engineer,25/01/23,"Silverdale, Auckland"
112,Applications Engineer,25/01/23,"Mangere, Auckland"
113,Senior Software Developer,25/01/23,"Christchurch Central, Canterbury"
114,Senior Software Developer,25/01/23,"Auckland CBD, Auckland"
115,Senior Automation Engineer,26/01/23,Auckland
116,Senior Software Engineer,26/01/23,"Auckland CBD, Auckland"
117,Tech Lead - Incubator,26/01/23,"Auckland CBD, Auckland"
118,Lead Engineer,26/01/23,"Auckland CBD, Auckland"
119,Senior .Net Developer - Cards and Payments,26/01/23,"Auckland CBD, Auckland"
120,Senior .Net Developer - Cards and Payments,26/01/23,"Wellington Central, Wellington"
121,Product Development Engineer - Laundry Systems,26/01/23,"Auckland CBD, Auckland"
122,Data Centre Account Manager,26/01/23,"Auckland CBD, Auckland"
123,Senior Analytics Engineer,26/01/23,"Auckland CBD, Auckland"
124,Web Advisor,26/01/23,"Wellington Central, Wellington"
125,Mechanical Engineer,26/01/23,"Grey Lynn, Auckland"
126,"Engineer, Gateways",26/01/23,"Petone, Wellington"
127,Intermediate-Senior Test Analyst,26/01/23,"Wellington Central, Wellington"
128,C# .NET Intermediate Developer - 100% Remote Role,26/01/23,"Auckland CBD, Auckland"
129,Kaitātari Māramatanga – Te Ao Māori | Insights Analyst – Te Ao Māori,26/01/23,"Wellington Central, Wellington"
130,Graduate Network Test Engineers,24/01/23,"Christchurch Central, Canterbury"
131,Digital Marketing Specialist - Motorsport Industry,23/01/23,"Queenstown, Otago"
132,Senior Functional Developer - Kotahi,25/01/23,"Wellington Central, Wellington"
133,Sustainability Engineer - Buildings,25/01/23,"Wellington Central, Wellington"
134,Chapter Lead – Software Engineering,25/01/23,"Auckland CBD, Auckland"
135,Automation Engineer,25/01/23,"Dunsandel, Canterbury"
136,Product Specialist - Lab Automation & Software Solutions,25/01/23,"Auckland CBD, Auckland"
137,Senior SRE Engineer,25/01/23,"Albany, Auckland"
138,Digital Project Manager (contract),25/01/23,"Manukau & East Auckland, Auckland"
139,Sales / Account Manager - Software & Services ($150K+ OTE),25/01/23,Auckland
140,Senior Backend Developer,25/01/23,"Auckland CBD, Auckland"
141,Digital Marketing Manager,25/01/23,"Auckland CBD, Auckland"
142,Senior Systems Engineer,25/01/23,"Napier Central, Hawkes Bay"
143,Software Developer (Intermediate/Senior),25/01/23,"Christchurch Central, Canterbury"
144,Integration Developer (Intermediate or Senior),25/01/23,"Auckland CBD, Auckland"
145,Applications Developer,25/01/23,"Dunedin, Otago"
146,Applications Developer,25/01/23,"Christchurch, Canterbury"
147,Applications Developer,25/01/23,"Auckland CBD, Auckland"
148,Software Engineer,25/01/23,Auckland
149,Digital Product Designer,25/01/23,"Wellington Central, Wellington"
150,Senior Software Developer,25/01/23,"Christchurch, Canterbury"
151,Senior Software Developer,25/01/23,Wellington
152,Senior Linux Engineer,24/01/23,"Ellerslie, Auckland"
153,Customer Success Representative,24/01/23,"Christchurch Central, Canterbury"
154,Senior SAP Developer - Fullstack,25/01/23,"Mangere, Auckland"
155,Systems Analyst/Developer,25/01/23,"North Dunedin, Otago"
156,Cloud Application Developer,25/01/23,"Albany, Auckland"
157,Java Developer,25/01/23,Auckland
158,Android Developer (Kotlin),23/01/23,"Auckland CBD, Auckland"
159,Senior Full Stack Developer,25/01/23,"Blenheim Central, Marlborough"
160,Senior Platform Engineer,25/01/23,"Auckland CBD, Auckland"
161,Senior Software Engineer,25/01/23,Auckland
162,Senior Software Engineer,25/01/23,"Christchurch Central, Canterbury"
163,DevOps Engineer,25/01/23,"Wellington Central, Wellington"
164,Senior Software Engineer,25/01/23,"Wellington Central, Wellington"
165,Product Operations Leader,25/01/23,"Auckland CBD, Auckland"
166,Product Operations Leader,25/01/23,"Christchurch Central, Canterbury"
167,Product Operations Leader,25/01/23,"Wellington Central, Wellington"
168,Automation Test Analyst,25/01/23,"Auckland CBD, Auckland"
169,Full Stack Developer - Ruby on Rails Developer,25/01/23,"Albany, Auckland"
170,Senior Software Engineer,25/01/23,"Auckland CBD, Auckland"
171,Web Developer,25/01/23,"Auckland CBD, Auckland"
172,Senior Data Engineer (Contract),25/01/23,"Auckland CBD, Auckland"
173,CNC Machining Centre Operator / Programmer,25/01/23,"Christchurch Central, Canterbury"
174,Lead Site Reliability Engineer,25/01/23,"Auckland CBD, Auckland"
175,Technical Project Manager,18/01/23,"Hamilton Central, Waikato"
176,Civil & Environmental CAD Technician,11/01/23,"Auckland CBD, Auckland"
177,Developer - Dynamics 365 CRM,24/01/23,Auckland
178,Intermediate fullstack software engineer,24/01/23,"Christchurch Central, Canterbury"
179,Application Specialist,24/01/23,"Petone, Wellington"
180,Graduate Network Test Engineers,24/01/23,"Christchurch Central, Canterbury"
181,Software Development Team Lead,24/01/23,"Christchurch, Canterbury"
182,System Architect - Integration,24/01/23,Wellington
183,Junior Programmer,24/01/23,"Kumeu, Auckland"
184,Golang Developer,24/01/23,Wellington
185,New or Part Qualified Patent Attorney (Engineering/Physics/Computer Science),24/01/23,"Hamilton Central, Waikato"
186,New or Part Qualified Patent Attorney (Engineering/Physics/Computer Science),24/01/23,"Auckland CBD, Auckland"
187,"Python Developer / AI, DL, ML, CV / R+D role  / $180k neg / WFH option",24/01/23,"Auckland CBD, Auckland"
188,Software Engineer - Ruby,25/01/23,Auckland
189,Senior Developers,25/01/23,"Wellington Central, Wellington"
190,Project Administrator,25/01/23,"Auckland CBD, Auckland"
191,Lead Enterprise Systems Engineer,25/01/23,"Auckland CBD, Auckland"
192,indici Support - On-site/ Off-site,25/01/23,"Hamilton Central, Waikato"
193,Senior Full Stack Software Engineer,25/01/23,"Wellington Central, Wellington"
194,Senior QA engineer,25/01/23,"Wellington Central, Wellington"
195,Student Services Manager,25/01/23,"Auckland CBD, Auckland"
196,Engineering Manager,25/01/23,"Wellington Central, Wellington"
197,Mechanical Engineer,26/01/23,"Grey Lynn, Auckland"
198,Short Courses Sales Coordinator,24/01/23,"Wellington Central, Wellington"
199,Full Stack Developer,24/01/23,"Mount Wellington, Auckland"
200,Short Courses Sales Coordinator,24/01/23,"Auckland CBD, Auckland"
201,Short Courses Sales Coordinator,24/01/23,"Christchurch Central, Canterbury"
202,Integration Developer,24/01/23,Wellington
203,Acting/Drama Tutor,24/01/23,"Glenfield, Auckland"
204,SAP S4 Developer,24/01/23,"Wellington Central, Wellington"
205,SAP S4 Developer,24/01/23,"Auckland CBD, Auckland"
206,Senior Developer,24/01/23,"Wellington Central, Wellington"
207,Senior Developer,24/01/23,"Auckland CBD, Auckland"
208,BIM Coordinator,24/01/23,"Auckland CBD, Auckland"
209,Senior Test Analyst,24/01/23,"Wellington Central, Wellington"
210,Principal Software Engineer,24/01/23,"Tauranga Central, Bay of Plenty"
211,Automation Specialist,24/01/23,"Henderson, Auckland"
212,Snowflake/dbt Data Engineer,24/01/23,Auckland
213,Intermediate Java Developer,24/01/23,"Takapuna, Auckland"
214,Customer Success Representative,24/01/23,"Christchurch Central, Canterbury"
215,Analyst Pricing Platforms,24/01/23,"Auckland CBD, Auckland"
216,QA Tester,24/01/23,"Auckland CBD, Auckland"
217,IT Systems Engineer,24/01/23,"Christchurch Central, Canterbury"
218,Senior GoLang Developer,24/01/23,Auckland
219,Intermediate Developer,24/01/23,"Auckland CBD, Auckland"
220,"Software Developer (Junior) - Java, Spring, Microservices",24/01/23,"Auckland CBD, Auckland"
221,Systems Analyst (SA Custom Apps & Microservices 1),24/01/23,"Auckland CBD, Auckland"
222,Senior Test Engineer,24/01/23,Auckland
223,Data Science Lead Trainer,24/01/23,"Auckland CBD, Auckland"
224,Production Controller,24/01/23,"Takapuna, Auckland"
225,Senior Security Paltform Engineer,24/01/23,Wellington
226,Senior PHP/Drupal Developer - NZ based (remote working options available),24/01/23,"Wellington Central, Wellington"
227,Controls and Automation Project Manager,24/01/23,"Mount Maunganui, Bay of Plenty"
228,Marketing Artist,24/01/23,"Dunedin Central, Otago"
229,Test Engineer - Delivery team,24/01/23,"Northcote, Auckland"
230,Senior Linux Engineer,24/01/23,"Ellerslie, Auckland"
231,Computer Vision Engineer,24/01/23,"Dunedin Central, Otago"
232,Senior Fullstack Developer,24/01/23,"Auckland CBD, Auckland"
233,Senior Test Analyst,24/01/23,"Ponsonby, Auckland"
234,Web Developer,24/01/23,"Mosgiel, Otago"
235,User Experience Designer,24/01/23,"Auckland CBD, Auckland"
236,Technical Lead,24/01/23,Auckland
237,Test Analyst - Automation Intermediate Level,24/01/23,Auckland
238,Configuration Engineer - Local Government - Fixed Term,24/01/23,"Auckland CBD, Auckland"
239,Service Delivery Manager,10/01/23,"Wellington Central, Wellington"
240,Cloud Engineer,23/01/23,Wellington
241,Associate Structural Engineer,23/01/23,"Auckland CBD, Auckland"
242,Android Developer (Kotlin),23/01/23,"Auckland CBD, Auckland"
243,Senior .NET Developer,23/01/23,"Auckland CBD, Auckland"
244,CNC Programmer,23/01/23,"Waiuku, Auckland"
245,Digital Marketing Specialist - Motorsport Industry,23/01/23,"Queenstown, Otago"
246,Developer,23/01/23,"Auckland CBD, Auckland"
247,Junior Project Engineer - Auckland,23/01/23,"Manukau & East Auckland, Auckland"
248,Managed Services Engineer,23/01/23,"Grafton, Auckland"
249,Automation Systems Engineer,23/01/23,"Invercargill Central, Southland"
250,Desktop Engineer,23/01/23,"Christchurch Central, Canterbury"
251,Full Stack Developer,23/01/23,"Auckland CBD, Auckland"
252,Senior Software Engineer,23/01/23,"Auckland CBD, Auckland"
253,Digital Design & Development Director,23/01/23,"Christchurch Central, Canterbury"
254,DevOps Engineer,23/01/23,"Auckland CBD, Auckland"
255,C++ Unreal Engine Developer,24/01/23,"Dunedin Central, Otago"
256,Senior API Developer/Quality Assurance,24/01/23,"Auckland CBD, Auckland"
257,UX Developer,24/01/23,"Christchurch Central, Canterbury"
258,Full Stack Developer,24/01/23,"Dunedin Central, Otago"
259,Open-Source Automation Engineer (Akl and Wgn),24/01/23,"Auckland CBD, Auckland"
260,Software Development Lead,24/01/23,Auckland
261,Senior Security Platform Engineer,24/01/23,"Auckland CBD, Auckland"
262,Lead Engineer,23/01/23,"Albany, Auckland"
263,CoreVAS Engineer,23/01/23,"Auckland CBD, Auckland"
264,Web Software Engineers,23/01/23,"Auckland CBD, Auckland"
265,CTO / Hamilton / Lead an exciting new phase of growth,23/01/23,"Auckland CBD, Auckland"
266,Software Engineer I - Web,23/01/23,"Mount Wellington, Auckland"
267,Software Engineer I - Operational Data,23/01/23,"Mount Wellington, Auckland"
268,Golang Software Developer,23/01/23,"Auckland CBD, Auckland"
269,Graduate C#.Net Developer,23/01/23,"Christchurch, Canterbury"
270,Reception and Office Administrator,23/01/23,"Auckland CBD, Auckland"
271,Process Development Engineer,23/01/23,"Auckland CBD, Auckland"
272,Intermediate .Net Developer,23/01/23,Auckland
273,Principal Software Engineer - Web,23/01/23,"Mount Wellington, Auckland"
274,Systems Engineer,23/01/23,"Manukau & East Auckland, Auckland"
275,Algorithm Designer Developer / Amazing projects / To $180k,23/01/23,"Auckland CBD, Auckland"
276,Senior Software Engineer,23/01/23,"Christchurch Central, Canterbury"
277,.NET Developer,23/01/23,"Auckland CBD, Auckland"
278,Software Specialist-BRMB nCino Test Engineering Lead,23/01/23,"Auckland CBD, Auckland"
279,UX/UI Web Designer,23/01/23,"Parnell, Auckland"
280,Senior SAS Analyst,23/01/23,"Auckland CBD, Auckland"
281,Software Engineer,23/01/23,"Christchurch Central, Canterbury"
282,Test Automation Specialist ,23/01/23,"Albany, Auckland"
283,Senior Integration Developer - MuleSoft,23/01/23,"Auckland CBD, Auckland"
284,Senior Front-end Developer,20/01/23,"Auckland CBD, Auckland"
285,Senior Back-end Developer,20/01/23,"Auckland CBD, Auckland"
286,Automation Engineer - Software Developer,20/01/23,"Auckland CBD, Auckland"
287,Senior Backend Developer,20/01/23,"Auckland CBD, Auckland"
288,Senior Python Developer,20/01/23,"Auckland CBD, Auckland"
289,Graduate Cloud Computing Engineer,20/01/23,"Herne Bay, Auckland"
290,Senior Java Developer,20/01/23,"Auckland CBD, Auckland"
291,Integration Senior Consultant,20/01/23,Auckland
292,Bachelor of Software Engineering Tutor,20/01/23,"Christchurch Central, Canterbury"
293,Community Manager,20/01/23,"Auckland CBD, Auckland"
294,"Software Engineer (contract) - Java, PHP, React",20/01/23,"Auckland CBD, Auckland"
295,Cloud Engineer - Contract,20/01/23,Wellington
296,Software Engineer,22/01/23,"Manukau, Auckland"
297,React - Front End Developer,22/01/23,"Ponsonby, Auckland"
298,Chapter Area Lead - Software Engineering,22/01/23,"Auckland CBD, Auckland"
299,Research Software Engineer,22/01/23,"Palmerston North Central, Manawatu"
300,Research Software Engineer,22/01/23,"Auckland CBD, Auckland"
301,Research Software Engineer,22/01/23,"Wellington Central, Wellington"
302,Research Software Engineer,22/01/23,"Christchurch Central, Canterbury"
303,Software Engineer,22/01/23,"Auckland CBD, Auckland"
304,Team Lead - Business Automation (Flame),22/01/23,"Mount Wellington, Auckland"
305,System Engineer - New Product Development,22/01/23,"Manukau & East Auckland, Auckland"
306,Business Intelligence Developer - Data Engineer,20/01/23,"Wellington Central, Wellington"
307,Business Intelligence Developer - Data Engineer,20/01/23,"Christchurch Central, Canterbury"
308,Front End Developer,20/01/23,"Mount Maunganui, Bay of Plenty"
309,Intermediate Project Manager,20/01/23,"Wellington Central, Wellington"
310,Site Reliability Engineering Lead,20/01/23,"Auckland CBD, Auckland"
311,Senior Software Engineer,20/01/23,"Auckland CBD, Auckland"
312,Intermediate Software Developer,20/01/23,"Dunedin Central, Otago"
313,Head of Services,20/01/23,"Thorndon, Wellington"
314,Detailer,20/01/23,"Mount Wellington, Auckland"
315,Detailer,20/01/23,"Mount Wellington, Auckland"
316,Full Stack Developer,20/01/23,"Wellington Central, Wellington"
317,Lead Site Reliability Engineer (Observability),20/01/23,"Auckland CBD, Auckland"
318,Frontend Developer,20/01/23,"Wellington Central, Wellington"
319,Software Engineer ,20/01/23,"Auckland CBD, Auckland"
320,DevOps Engineer & Senior DevOps Engineer - Remote Opportunities,20/01/23,Waikato
321,IT Systems Engineer II,20/01/23,"Mount Wellington, Auckland"
322,Lead Developer,20/01/23,Auckland
323,CNC Programmer & Operator,20/01/23,"Christchurch Central, Canterbury"
324,Senior Developer,20/01/23,Auckland
325,"Software Engineer Rust/C++ / Salary to $200k / AI, AR, DL / Remote option",20/01/23,"Auckland CBD, Auckland"
326,Senior Full Stack Developer,20/01/23,"Auckland CBD, Auckland"
327,BI Developer,20/01/23,"Christchurch Central, Canterbury"
328,Analyst Programmer,19/01/23,"Taupo Central, Waikato"
329,Intermediate or Senior Dynamics 365 Engineer,19/01/23,"Auckland CBD, Auckland"
330,Senior Mulesoft Developer,19/01/23,"Auckland CBD, Auckland"
331,Product Owner - Engine DJ,19/01/23,"Auckland CBD, Auckland"
332,Senior Automation Developer,19/01/23,"Auckland CBD, Auckland"
333,Software Engineer,19/01/23,"Dunedin, Otago"
334,Software Developer,19/01/23,"Dunedin Central, Otago"
335,ServiceNow - Senior Systems Specialist,19/01/23,Auckland
336,Platform Engineer - PaaS,19/01/23,"Parnell, Auckland"
337,NZ Remote Senior Security Engineer,20/01/23,"Te Aro, Wellington"
338,Space Systems Intern,20/01/23,"Mount Wellington, Auckland"
339,Senior Software Engineer (C++ & Unreal Engine),20/01/23,Auckland
340,Quality Assurance Engineer,20/01/23,"Auckland CBD, Auckland"
341,Principal T&D/Power Systems Engineer,20/01/23,Auckland
342,Application Support Specialist,20/01/23,"North Dunedin, Otago"
343,Senior Quality Assurance Engineer,20/01/23,"Auckland CBD, Auckland"
344,Chapter Lead - Automation Quality Assurance,20/01/23,"Auckland CBD, Auckland"
345,Principal T&D/Power Systems Engineer,20/01/23,Wellington
346,Business Intelligence Developer - Data Engineer,20/01/23,"Auckland CBD, Auckland"
347,Web Developer,19/01/23,"Wellington Central, Wellington"
348,DevOps Consultant,19/01/23,"Christchurch Central, Canterbury"
349,Tutor - Bachelor of Animation,19/01/23,"Christchurch Central, Canterbury"
350,Accounting Systems Specialist,19/01/23,"Auckland CBD, Auckland"
351,iManage Engineer,19/01/23,"Auckland CBD, Auckland"
352,Back-End/Front-End/Full-Stack Developer (E-commerce/Web),19/01/23,"Wellington Central, Wellington"
353,Back-End/Front-End/Full-Stack Developer (E-commerce/Web),19/01/23,Auckland
354,Back-End/Front-End/Full-Stack Developer (E-commerce/Web),19/01/23,"Christchurch, Canterbury"
355,Senior QA Analyst-Auckland,19/01/23,"Auckland CBD, Auckland"
356,Senior QA Automation Test Engineer - Auckland,19/01/23,"Auckland CBD, Auckland"
357,Workshop Computer Technician and Help Desk & IT Support,19/01/23,"East Tamaki, Auckland"
358,Python Developer,19/01/23,Wellington
359,Development Team Leader,19/01/23,"Albany, Auckland"
360,Intermediate Ruby on Rails Developer,19/01/23,"Albany, Auckland"
361,Junior/IntermediateDeveloper,19/01/23,"Wellington Central, Wellington"
362,Product Development Engineer,19/01/23,"Manukau & East Auckland, Auckland"
363,Squad / Technical Lead,19/01/23,Auckland
364,Senior Site Reliability Engineer,19/01/23,Auckland
365,Intermediate Mobile Developer,19/01/23,"Manukau & East Auckland, Auckland"
366,Automation Engineer - Software Developer,19/01/23,Auckland
367,.Net Developers,19/01/23,Auckland
368,Analyst Programmer,19/01/23,"Lower Hutt, Wellington"
369,Ecommerce & Digital Specialist,19/01/23,"Glenfield, Auckland"
370,Intermediate Analytics Engineer,19/01/23,"Christchurch Central, Canterbury"
371,Intermediate Analytics Engineer,19/01/23,"Wellington Central, Wellington"
372,Senior Back End Developer,19/01/23,"Christchurch Central, Canterbury"
373,Team Lead,19/01/23,"Christchurch Central, Canterbury"
374,Senior Python Engineer,19/01/23,Auckland
375,Sharepoint/M365 – Senior or technical roles available,19/01/23,"Christchurch, Canterbury"
376,Quality Assurance Engineer (Manual) - HR Saas Scale-up,19/01/23,"Auckland CBD, Auckland"
377,Engineering Manager,19/01/23,"Wellington Central, Wellington"
378,Website Developer,19/01/23,"Christchurch Central, Canterbury"
379,Website Developer,19/01/23,"Mount Eden, Auckland"
380,Software Engineer C# (12 Months Fixed Term),19/01/23,"Auckland CBD, Auckland"
381,Software Engineer,19/01/23,"Auckland CBD, Auckland"
382,Developer,19/01/23,"Wellington Central, Wellington"
383,Developer,19/01/23,"Auckland CBD, Auckland"
384,Development Manager,19/01/23,"Auckland CBD, Auckland"
385,Development Manager,19/01/23,"Auckland CBD, Auckland"
386,Android Developer / Computer Vision/AR  to $160k neg,19/01/23,"Auckland CBD, Auckland"
387,Senior Guidewire Developer,19/01/23,"Wellington Central, Wellington"
388,Senior Guidewire Developer,19/01/23,"Palmerston North Central, Manawatu"
389,Senior Integration Developer,19/01/23,"Wellington Central, Wellington"
390,Senior Integration Developer,19/01/23,Auckland
391,React/C# Developer / Full remote option / Environmental focused solutions,18/01/23,"Hamilton Central, Waikato"
392,Product Development Software Engineer,18/01/23,"Dunedin Central, Otago"
393,Senior Developer,18/01/23,"Penrose, Auckland"
394,Senior Developer (Backend),18/01/23,"Petone, Wellington"
395,Chapter Lead Service Assurance - ITOM Applications,18/01/23,"Auckland CBD, Auckland"
396,Senior Android Developer,18/01/23,"Auckland CBD, Auckland"
397,Senior Design Engineer - Structures,18/01/23,"Tauranga Central, Bay of Plenty"
398,Senior Design Engineer - Structures,18/01/23,"Tauranga Central, Bay of Plenty"
399,Senior Design Engineer - Structures,18/01/23,"Tauranga Central, Bay of Plenty"
400,Software Engineer,19/01/23,"Wellington Central, Wellington"
401,Security Platform Engineer,19/01/23,"Wellington Central, Wellington"
402,Lead Platform Engineer,19/01/23,"Wellington Central, Wellington"
403,Intermediate Civil Engineer,19/01/23,Wellington
404,Software Engineer (Pega),19/01/23,"Albany, Auckland"
405,DevOps Chapter Lead,19/01/23,"Auckland CBD, Auckland"
406,Card Programmer - In House Security Systems,19/01/23,"Auckland CBD, Auckland"
407,Test Engineer,19/01/23,"Christchurch Central, Canterbury"
408,Full Stack .Net Developer,19/01/23,"Lower Hutt, Wellington"
409,Developer - Application Support,19/01/23,"Hamilton Central, Waikato"
410,Application Support Engineer,19/01/23,Wellington
411,IT - BT Developer,19/01/23,"Wellington Central, Wellington"
412,IT - BT Developer,19/01/23,"New Plymouth Central, Taranaki"
413,Senior Software Engineer - API,18/01/23,"Wellington Central, Wellington"
414,Senior Software Engineer - API,18/01/23,"Auckland CBD, Auckland"
415,Software Engineer - API,18/01/23,"Wellington Central, Wellington"
416,Senior Frontend Developer,18/01/23,"Grey Lynn, Auckland"
417,Software Engineer - API,18/01/23,"Auckland CBD, Auckland"
418,Senior Software Developer,18/01/23,"Birkenhead, Auckland"
419,Senior .Net Developer - Microservices - REMOTE / WFH Option - $950 a Day,18/01/23,Auckland
420,Software Developer,18/01/23,"Te Aro, Wellington"
421,Software Developer,18/01/23,"Te Aro, Wellington"
422,Principal Engineer,18/01/23,Auckland
423,Mobile Developer,18/01/23,"Albany, Auckland"
424,Lead Engineer - QA,18/01/23,"Wellington Central, Wellington"
425,Technical Project Manager,18/01/23,"Hamilton Central, Waikato"
426,Development Team Lead,18/01/23,"Northcote, Auckland"
427,Technical Lead Programmer (C++),18/01/23,"Takapuna, Auckland"
428,Senior Full Stack Developer (Java/React),18/01/23,"Rodney & North Shore, Auckland"
429,Senior Software Engineer (Web),18/01/23,"Ponsonby, Auckland"
430,Software Engineer - Web (Auckland and Sydney),18/01/23,"Ponsonby, Auckland"
431,Product Architect - Remote - Node/AWS/GCP,18/01/23,"Auckland CBD, Auckland"
432,Full Stack .Net Developer,18/01/23,"Lower Hutt, Wellington"
433,Test Automation Engineers - Wellington and Auckland,18/01/23,"Wellington Central, Wellington"
434,Junior Developer,18/01/23,"Penrose, Auckland"
435,Android Application Developer,18/01/23,Auckland
436,Intermediate/Senior Developer - Team Leader Role,18/01/23,"Orewa, Auckland"
437,Scrum Master and Digital Delivery Consultant,18/01/23,"Dunedin Central, Otago"
438,Scrum Master and Digital Delivery Consultant,18/01/23,"Wellington Central, Wellington"
439,Business Intelligence Engineer,18/01/23,"Hamilton Central, Waikato"
440,Systems Development Engineer,18/01/23,"Manukau & East Auckland, Auckland"
441,Software Developer,18/01/23,Auckland
442,Software Product Manager,18/01/23,"Albany, Auckland"
443,SAP Developer,18/01/23,"Auckland CBD, Auckland"
444,Graduate Full Stack Software Engineers,18/01/23,"Christchurch, Canterbury"
445,CNC Programmer,18/01/23,"Patumahoe, Auckland"
446,Full-Stack Developer (Remote First),18/01/23,"Auckland CBD, Auckland"
447,Junior Software Engineer in Test,18/01/23,"Takapuna, Auckland"
448,Operations Engineer,18/01/23,"Auckland CBD, Auckland"
449,DevOps Engineer,18/01/23,"Auckland CBD, Auckland"
450,Senior Application Security Developer,18/01/23,"Auckland CBD, Auckland"
451,Senior Project Manager - Hardware,18/01/23,"Northcote, Auckland"
452,Senior Application Security Developer,18/01/23,"Wellington Central, Wellington"
453,Solutions Architect,18/01/23,"Wellington Central, Wellington"
454,DevOps Engineer,17/01/23,"Christchurch, Canterbury"
455,Core Automation - Senior DevOps Engineer,17/01/23,"Albany, Auckland"
456,Core Automation - DevOps Engineer,17/01/23,"Albany, Auckland"
457,Senior Software Developer,17/01/23,"Auckland CBD, Auckland"
458,Intermediate UI/UX Designer/Developer,17/01/23,"Christchurch, Canterbury"
459,Data Support Specialist,17/01/23,"Papamoa Beach, Bay of Plenty"
460,Quantity Surveyor,17/01/23,"Takapuna, Auckland"
461,Software Support Engineer,17/01/23,"Parnell, Auckland"
462,Intermediate/Senior Hydrogeologist,17/01/23,"Newmarket, Auckland"
463,Systems Specialist - Geospatial (fixed term),17/01/23,"Hamilton Central, Waikato"
464,Senior Fullstack Developer,17/01/23,"Palmerston North Central, Manawatu"
465,Penetration Tester,17/01/23,"Wellington Central, Wellington"
466,GIS Technician,17/01/23,"Petone, Wellington"
467,Senior PHP Developer (Senior Software Engineer),18/01/23,"Auckland CBD, Auckland"
468,Senior Project Manager,18/01/23,Wellington
469,Azure DevOps Engineer,18/01/23,"Auckland CBD, Auckland"
470,"Integration Developer (6-month contract, remote work within NZ)",18/01/23,"Wellington Central, Wellington"
471,"Integration Developer (6-month contract, remote work within NZ)",18/01/23,Auckland
472,Senior Software Engineer - Backend .Net Core,18/01/23,"Manukau & East Auckland, Auckland"
473,"Integration Developer (Permanent, Wellington)",18/01/23,"Wellington Central, Wellington"
474,Field Engineer | Wellington,18/01/23,"Wellington Central, Wellington"
475,Data Engineer,18/01/23,"Auckland CBD, Auckland"
476,Senior Full Stack TypeScript Engineer ,17/01/23,"Auckland CBD, Auckland"
477,Test Engineer,17/01/23,"Auckland CBD, Auckland"
478,Senior Front End/UI Developer ,17/01/23,"Auckland CBD, Auckland"
479,Robotic Process Automation Engineer,17/01/23,Auckland
480,Senior Data Engineer,17/01/23,"Auckland CBD, Auckland"
481,Junior Civil Engineer (1 yr +) & Intermediate Civil Engineer (3yrs+),17/01/23,Auckland
482,"Intermediate & Senior Civil Engineer, Hamilton or Tauranga $85k-$145k",17/01/23,"Hamilton, Waikato"
483,Azure DevOps Engineer,17/01/23,"Auckland CBD, Auckland"
484,Software Developer,17/01/23,"Wellington Central, Wellington"
485,Software Delivery Engineer,17/01/23,"Auckland CBD, Auckland"
486,Network Engineer ,17/01/23,Auckland
487,Test Analyst - Manual & Automation,17/01/23,"Mount Maunganui, Bay of Plenty"
488,Technical Applications Consultant - Various Teams,17/01/23,"Auckland CBD, Auckland"
489,Full Stack Developer,17/01/23,"Auckland CBD, Auckland"
490,Application Support Analyst,17/01/23,"Auckland CBD, Auckland"
491,Test Engineer - Groundbreaking Global Technology,17/01/23,"Hamilton East, Waikato"
492,Senior Software Developer,17/01/23,"Freemans Bay, Auckland"
493,Multiple Geospatial Roles,17/01/23,"Auckland CBD, Auckland"
494,Software Development Manager,17/01/23,"Palmerston North Central, Manawatu"
495,Data Engineer,17/01/23,"Auckland CBD, Auckland"
496,Senior Software Engineer - Remote,17/01/23,"Auckland CBD, Auckland"
497,Technical Product Manager - Remote,17/01/23,"Auckland CBD, Auckland"
498,Senior Structural Engineer,17/01/23,"Auckland CBD, Auckland"
499,SAS Programmer/Data Analyst,17/01/23,"Auckland CBD, Auckland"
500,C++ Software Developer,17/01/23,"Hamilton Central, Waikato"
501,Senior Developer - eCommerce,17/01/23,"Rodney & North Shore, Auckland"
502,Data Scientist,17/01/23,"Christchurch Central, Canterbury"
503,Senior .NET Developer,17/01/23,"Auckland CBD, Auckland"
504,Solution Architect – Customer Products,17/01/23,"Mangere, Auckland"
505,Data Developer,17/01/23,"Wellington Central, Wellington"
506,Software Test Engineer,17/01/23,Auckland
507,Software Test Engineer,17/01/23,Auckland
508,Lead TypeScript Engineer,17/01/23,"Auckland CBD, Auckland"
509,Front-End Engineer,17/01/23,Auckland
510,Front-End Engineer,17/01/23,Auckland
511,Lead JavaScript Engineer ,17/01/23,"Auckland CBD, Auckland"
512,NodeJS Developer (contract),17/01/23,"Auckland CBD, Auckland"
513,Scrum Master,17/01/23,"Auckland CBD, Auckland"
514,Full stack developer for a startup and shareholding,17/01/23,"Auckland CBD, Auckland"
515,Programme Developer - Te Reo Māori ,17/01/23,"Whakatane, Bay of Plenty"
516,Netball Mainland - Community Coaching Lead,17/01/23,"Christchurch Central, Canterbury"
517,Intermediate Software Engineer,16/01/23,"Grafton, Auckland"
518,C# Developer,16/01/23,"Hamilton Lake, Waikato"
519,Senior Full Stack PHP/JS Developer (100% remote),16/01/23,"Auckland CBD, Auckland"
520,Developer,16/01/23,"Sandringham, Auckland"
521,Full Stack Developer,16/01/23,"Auckland CBD, Auckland"
522,Hybrid Test Engineer,16/01/23,"Northcote, Auckland"
523,Senior User Experience Designer,16/01/23,"Takapuna, Auckland"
524,Senior .NET Developer,16/01/23,"Auckland CBD, Auckland"
525,Test Systems Engineer,16/01/23,"Orewa, Auckland"
526,C# ASP.NET core Developer,16/01/23,"Rosedale, Auckland"
527,Senior PHP DevOps Engineer (100% remote),17/01/23,"Auckland CBD, Auckland"
528,React/C# Developer / Full remote option / Environmental focused solutions,17/01/23,"Auckland CBD, Auckland"
529,SRE Engineer - Payments,17/01/23,"Albany, Auckland"
530,Security Architect (J206890),17/01/23,Wellington
531,BDM Software,17/01/23,Auckland
532,Senior Software Engineer,17/01/23,"Grey Lynn, Auckland"
533,Solution Architect – Retail Systems,17/01/23,"Mangere, Auckland"
534,On-site Support Engineer L1/L2,17/01/23,"Johnsonville, Wellington"
535,Lead Developer - .NET,17/01/23,"Auckland CBD, Auckland"
536,Software Engineer (Various Levels),17/01/23,"Auckland CBD, Auckland"
537,Python Developer / Remote option / Exciting projects / Excellent salary pkge,17/01/23,"Wellington Central, Wellington"
538,Senior .Net Engineer,17/01/23,"Albany, Auckland"
539,Full Stack Developer,16/01/23,"Albany, Auckland"
540,Product Manager,16/01/23,"Christchurch Central, Canterbury"
541,Senior Software Engineer (C/C++/Python) - Remote across NZ considered,16/01/23,"Christchurch Central, Canterbury"
542,Software Developer,16/01/23,"Christchurch Central, Canterbury"
543,Developer,16/01/23,"Wellington Central, Wellington"
544,Intermediate Designer,16/01/23,"Auckland CBD, Auckland"
545,Software Engineering Opportunities - Remote (Intermediate - Lead),16/01/23,"Parnell, Auckland"
546,Software Engineering Opportunities (Intermediate - Lead) ,16/01/23,"Parnell, Auckland"
547,Software Engineering Opportunities (Intermediate - Lead),16/01/23,"Wellington Central, Wellington"
548,Bachelor of Software Development Tutor,16/01/23,"Wellington Central, Wellington"
549,DevOps Tech Lead - AWS,16/01/23,"Rodney & North Shore, Auckland"
550,Software Engineer,16/01/23,"Newmarket, Auckland"
551,CONTRACT C#.Net Software Engineer,16/01/23,"Christchurch Central, Canterbury"
552,Digital Project Manager,16/01/23,"Christchurch Central, Canterbury"
553,Surveillance Applications Team Lead,16/01/23,"Porirua, Wellington"
554,.Net Developer,16/01/23,"Wellington Central, Wellington"
555,.Net Developer,16/01/23,"Christchurch Central, Canterbury"
556,Web Product Analyst - Interesting and varied contract opportunity,16/01/23,"Wellington Central, Wellington"
557,Senior Software Developer,16/01/23,Auckland
558,Software Sales,16/01/23,"Christchurch, Canterbury"
559,Senior Front-end Developer,16/01/23,"Grafton, Auckland"
560,Senior Developer /  Kaiwhakawhanake Mātāmua,16/01/23,"Wellington Central, Wellington"
561,Software Engineer,15/01/23,"Albany, Auckland"
562,Trainee CNC Programmer and Templater,15/01/23,"New Plymouth Central, Taranaki"
563,CNC Programmer,16/01/23,"Timaru, Canterbury"
564,Industry & Graduate Destination Manager,16/01/23,"Grafton, Auckland"
565,Senior Developer,16/01/23,"Auckland CBD, Auckland"
566,Senior Developer,16/01/23,"Hamilton Central, Waikato"
567,Lead Solutions Architect,16/01/23,"Wellington Central, Wellington"
568,Accounts Assistant,16/01/23,"Christchurch Central, Canterbury"
569,Software Tester,16/01/23,"Onehunga, Auckland"
570,Software Team Lead ,16/01/23,"Hamilton Lake, Waikato"
571,Platform Engineer,16/01/23,"Auckland CBD, Auckland"
572,Intermediate Developer,16/01/23,"Auckland CBD, Auckland"
573,Software Developer,16/01/23,"Albany, Auckland"
574,Data Centre Site Lead 24x7,16/01/23,"Wellington Central, Wellington"
575,Software Engineer / Application Developer - Drones and Robotics,16/01/23,"Christchurch Central, Canterbury"
576,Senior Software Developer,16/01/23,"Auckland CBD, Auckland"
577,Senior Solutions Architect,16/01/23,"Wellington Central, Wellington"
578,Systems Analyst - Business Intelligence,16/01/23,"Manukau, Auckland"
579,Software Developer - Typescript,16/01/23,"Christchurch Central, Canterbury"
580,Data Warehouse Developer,16/01/23,"Wellington Central, Wellington"
581,Microsoft 365 Developer,16/01/23,"Wellington Central, Wellington"
582,Field Engineer,16/01/23,"Auckland CBD, Auckland"
583,Intermediate/Senior QA Analyst,13/01/23,"Auckland CBD, Auckland"
584,Software Engineers,13/01/23,"Hamilton Central, Waikato"
585,Software Engineers,13/01/23,"Hamilton Central, Waikato"
586,"Top Graduate Developer, Fun and Challenging Role",13/01/23,"Rodney & North Shore, Auckland"
587,Software Support Super User,13/01/23,"Albany, Auckland"
588,Software Onboarding Specialist,13/01/23,"Albany, Auckland"
589,Python Developer,13/01/23,Wellington
590,Senior QA,13/01/23,Wellington
591,Account Executive,13/01/23,"Auckland CBD, Auckland"
592,Software Integration Developer / Architect,13/01/23,"Christchurch, Canterbury"
593,Software Engineer,15/01/23,"Wellington Central, Wellington"
594,Seeking Junior to Mid-Level Developers,15/01/23,"Wiri, Auckland"
595,Lead Cloud Engineer,15/01/23,"Wellington Central, Wellington"
596,Salesforce Senior Functional Consultant,15/01/23,"Wellington Central, Wellington"
597,Senior C# / .NET Full-stack Developer,15/01/23,"Lower Hutt, Wellington"
598,Developer,15/01/23,"Christchurch Central, Canterbury"
599,Senior Business Analyst,15/01/23,"Auckland CBD, Auckland"
600,Senior Software Developer,15/01/23,"Christchurch, Canterbury"
601,Digital Transformation Lead/Full Stack JavaScript Developer,15/01/23,"Auckland CBD, Auckland"
602,Senior Software Engineer (Node.JS) ,15/01/23,Auckland
603,Senior Embedded Software Engineer,15/01/23,"Auckland CBD, Auckland"
604,Systems Test Engineer,15/01/23,"Sydenham, Canterbury"
605,Full Stack. NET Developer,13/01/23,"Wairau Valley, Auckland"
606,Quality Assurance Engineer - Auckland/Sydney/Adelaide,13/01/23,"Auckland CBD, Auckland"
607,Senior Integration Engineer,13/01/23,"Auckland CBD, Auckland"
608,Senior Fullstack Developer,13/01/23,Auckland
609,Embedded Engineer,13/01/23,Auckland
610,Head of Digital Design & Development,13/01/23,"Christchurch Central, Canterbury"
611,Senior .Net Developer,13/01/23,"Auckland CBD, Auckland"
612,Senior Engineer - API (Contract),13/01/23,"Auckland CBD, Auckland"
613,Senior UX Designer,13/01/23,"Auckland CBD, Auckland"
614,Quality Assurance Engineer,13/01/23,"Rosedale, Auckland"
615,Head of Engineering – MTF National Office,13/01/23,"Dunedin Central, Otago"
616,Software Developer,13/01/23,"Wellington Central, Wellington"
617,Software Engineer,13/01/23,Auckland
618,CNC Machinist / Setter Programmer,13/01/23,"East Tamaki, Auckland"
619,Desktop Platform Engineer,13/01/23,"Hamilton Central, Waikato"
620,Software Developer,13/01/23,Marlborough
621,"Lead Engineer – Software, Hardware, Compliance",13/01/23,"Christchurch Central, Canterbury"
622,Robotic Process Automation Engineer,13/01/23,"Auckland CBD, Auckland"
623,Security Infrastructure Engineer,13/01/23,"Wellington Central, Wellington"
624,Full Stack Developer,12/01/23,"Otahuhu, Auckland"
625,Senior Project Manager,12/01/23,"Dunedin Central, Otago"
626,Chief Technology Officer,12/01/23,"Te Aro, Wellington"
627,Senior Consultant - Technology,12/01/23,"Wellington Central, Wellington"
628,Senior Embedded Linux Engineer,12/01/23,"Rosedale, Auckland"
629,Senior Site Reliability Engineer /  Kaipūhanga Horopū Papahoko Mātāmua,12/01/23,"Wellington Central, Wellington"
630,Senior Software Engineer,12/01/23,"Christchurch Central, Canterbury"
631,Senior Software Developer,12/01/23,"Tauranga Central, Bay of Plenty"
632,Design Manager,12/01/23,"Whangarei Central, Northland"
633,Infrastructure Engineer,12/01/23,"Wellington Central, Wellington"
634,DevOps / Linux Engineer,12/01/23,"Christchurch, Canterbury"
635,Software Specialist,12/01/23,"Auckland CBD, Auckland"
636,Intermediate Backend Javascript Developer,13/01/23,"Auckland CBD, Auckland"
637,Senior Java Developer,13/01/23,"Auckland CBD, Auckland"
638,Senior Backend Engineer,13/01/23,Auckland
639,Intermediate & Senior Site Reliability Engineers x 3,13/01/23,"Auckland CBD, Auckland"
640,Systems Engineer - Wellington,13/01/23,"Wellington Central, Wellington"
641,Intermediate C#.Net Developer,13/01/23,"Christchurch, Canterbury"
642,Backend Software Engineer,13/01/23,"Freemans Bay, Auckland"
643,Electrical Design Engineer ,13/01/23,"Christchurch, Canterbury"
644,Analytics Developer,13/01/23,"Christchurch Central, Canterbury"
645,Mobile Software Engineer,13/01/23,"Freemans Bay, Auckland"
646,Senior Software Engineer ,12/01/23,"Newmarket, Auckland"
647,Senior Frontend Developer,12/01/23,"Auckland CBD, Auckland"
648,Contract — Lead Front End Developer (React),12/01/23,"Auckland CBD, Auckland"
649,Senior Civil Engineer,12/01/23,Auckland
650,Golang Engineer,12/01/23,"Auckland CBD, Auckland"
651,Senior Developer - Node.js,12/01/23,"Auckland CBD, Auckland"
652,Senior Software Engineer,12/01/23,"Auckland CBD, Auckland"
653,*EOI* Radiographer (Dunedin),12/01/23,"Dunedin, Otago"
654,Automation Test Specialist,12/01/23,"Penrose, Auckland"
655,Lead Game Designer,12/01/23,"Wellington Central, Wellington"
656,Civil/Project Engineer,12/01/23,"Wellington Central, Wellington"
657,Automation Developer / Engineer,12/01/23,Auckland
658,Software Engineer,12/01/23,"Albany, Auckland"
659,Intermediate Software Developer,12/01/23,"Hamilton Central, Waikato"
660,Aircraft Maintenance Engineer - Wellington,12/01/23,"Wellington Central, Wellington"
661,UI/UX Designer - Engine DJ Software,12/01/23,"Auckland CBD, Auckland"
662,3D Animator,12/01/23,"Parnell, Auckland"
663,ETL Developer,12/01/23,"Christchurch, Canterbury"
664,L2 Desktop Engineer,12/01/23,Auckland
665,Senior Consultant - Dynamics 365 F&O - Supply Chain Management (Operations/Supp),12/01/23,"Auckland CBD, Auckland"
666,Senior Embedded Software Engineer (Wireless),12/01/23,"Parnell, Auckland"
667,Embedded Software Engineer (Wireless),12/01/23,"Parnell, Auckland"
668,JavaScript Full Stack Developer (Solidity),11/01/23,Auckland
669,IT Services Technician,11/01/23,"Remuera, Auckland"
670,Data Scientist,11/01/23,"Auckland CBD, Auckland"
671,Senior Marketing/Growth Manager,11/01/23,"Auckland CBD, Auckland"
672,Service Desk Team Lead,11/01/23,"Christchurch Central, Canterbury"
673,Software Engineer,11/01/23,"Auckland CBD, Auckland"
674,Civil & Environmental CAD Technician,11/01/23,"Auckland CBD, Auckland"
675,Integration Engineer / Kaipūhanga Kōtuitui,11/01/23,"Ellerslie, Auckland"
676,Technical Support Consultant (Applications/Developers),11/01/23,"Wellington Central, Wellington"
677,Cloud Engineer,11/01/23,"Wellington Central, Wellington"
678,Senior Software Developer,11/01/23,"Auckland CBD, Auckland"
679,Development Team Lead - Cloud Services,11/01/23,"Northcote, Auckland"
680,Principal Software Engineer,11/01/23,"Wellington Central, Wellington"
681,Automation Test Engineer,11/01/23,"Auckland CBD, Auckland"
682,Full stack developer (parental leave cover),11/01/23,"Takapuna, Auckland"
683,CNC Machines Setter / Operator / Programmer,12/01/23,"Dunedin Central, Otago"
684,Intermediate Software Engineer (Focused on BE tools),12/01/23,"Auckland CBD, Auckland"
685,Embedded Software Engineer (Wireless),12/01/23,"Hamilton Central, Waikato"
686,Senior Embedded Software Engineer (Wireless),12/01/23,"Hamilton Central, Waikato"
687,Senior Developer,12/01/23,"Auckland CBD, Auckland"
688,Senior Full Stack .NET Developer,12/01/23,"Tauranga Central, Bay of Plenty"
689,Software Developer,12/01/23,"Auckland CBD, Auckland"
690,Front End Developer,11/01/23,"Christchurch Central, Canterbury"
691,Salesforce Functional Lead,11/01/23,"Auckland CBD, Auckland"
692,Senior Software Engineer - Python,11/01/23,"Christchurch Central, Canterbury"
693,Technical Engineering Manager ,11/01/23,"Auckland CBD, Auckland"
694,Senior Software Engineer - Java,11/01/23,"Rodney & North Shore, Auckland"
695,Associate Developer,11/01/23,"Wellington Central, Wellington"
696,Software Implementation Engineer,11/01/23,Auckland
697,Identity and Access Management Consultant - Cybersecurity,11/01/23,"Auckland CBD, Auckland"
698,Data Engineer,11/01/23,"Auckland CBD, Auckland"
699,Product Support Team Leader,11/01/23,"Newmarket, Auckland"
700,Identity & Access Management Senior Consultant/Manager - Cybersecurity,11/01/23,"Auckland CBD, Auckland"
701,Lead Software Engineer,11/01/23,"Christchurch, Canterbury"
702,Test Engineer,11/01/23,"Auckland CBD, Auckland"
703,Senior Data Engineer,11/01/23,"Auckland CBD, Auckland"
704,Design Engineer FLEXI-ROLE AKL/WLG/CHCH,11/01/23,"Christchurch Central, Canterbury"
705,Senior Data Engineer,11/01/23,"Grafton, Auckland"
706,Senior Developer - Dynamics 365 CE (Operations/Support),11/01/23,"Auckland CBD, Auckland"
707,DevOps Engineer/ Architect - Azure OR AWS,11/01/23,Auckland
708,Full Stack Software Developer,11/01/23,"Christchurch Central, Canterbury"
709,Civil Engineer,11/01/23,"Christchurch Central, Canterbury"
710,Full Stack Developer - API &  Web Integration,11/01/23,Auckland
711,Senior Web Developer,11/01/23,"Hamilton Central, Waikato"
712,Graduate Automation Test Engineer,10/01/23,"Christchurch, Canterbury"
713,2 X CONTRACT Senior Full Stack Developers (Remote),10/01/23,"Christchurch Central, Canterbury"
714,Intermediate C#.Net Developer (3D / Simulation),10/01/23,"Christchurch, Canterbury"
715,Senior C#.Net Developer (3D / Simulation),10/01/23,"Christchurch, Canterbury"
716,CONTRACT Full Stack Developer,10/01/23,"Christchurch, Canterbury"
717,Graduate Data/Business Analyst - North Shore,10/01/23,"Albany, Auckland"
718,Systems Analyst,10/01/23,"Greenlane, Auckland"
719,Software Engineer,10/01/23,"Auckland CBD, Auckland"
720,Senior Engineer,10/01/23,"Wellington Central, Wellington"
721,Digital Solution Architect,10/01/23,"Auckland CBD, Auckland"
722,Salesforce Marketing Cloud Specialist ,10/01/23,"Wellington Central, Wellington"
723,Intermediate C++ Developer,10/01/23,"Albany, Auckland"
724,Practice Lead,10/01/23,"Auckland CBD, Auckland"
725,Change Manager,11/01/23,"Wellington Central, Wellington"
726,"Team Lead, Platform Engineering",11/01/23,"Te Aro, Wellington"
727,"Team Lead, Platform Engineering",11/01/23,"Parnell, Auckland"
728,Front End Developer,11/01/23,"Grafton, Auckland"
729,Senior Mobile Developer,11/01/23,"Rosedale, Auckland"
730,Senior Software Engineer - C#,11/01/23,"Auckland CBD, Auckland"
731,iOS Developer - Seeking a path to Senior,10/01/23,"Wellington Central, Wellington"
732,Full Stack Software Developer,10/01/23,"Manukau, Auckland"
733,Generalist Engineer,10/01/23,"Auckland CBD, Auckland"
734,Senior Generalist Engineer,10/01/23,"Auckland CBD, Auckland"
735,Technical Director,10/01/23,"Christchurch Central, Canterbury"
736,Dynamics 365 Developer,10/01/23,"Auckland CBD, Auckland"
737,Senior Silverstripe Developer,10/01/23,"Wellington Central, Wellington"
738,Junior Test Analyst,10/01/23,"Wellington Central, Wellington"
739,Senior React Developer - DIGITAL,10/01/23,"Auckland CBD, Auckland"
740,Senior Full Stack Developer,10/01/23,"Christchurch, Canterbury"
741,Senior .Net Developer - DIGITAL,10/01/23,"Auckland CBD, Auckland"
742,Senior Test Automation Engineers,10/01/23,"Rosedale, Auckland"
743,MEAN Stack Developer,10/01/23,"Christchurch Central, Canterbury"
744,Hardware and Linux software specialist,10/01/23,"Auckland CBD, Auckland"
745,Software Engineer,10/01/23,"Mount Wellington, Auckland"
746,Silverstripe Developer,10/01/23,"Auckland CBD, Auckland"
747,Associate Systems Engineer,10/01/23,"Auckland CBD, Auckland"
748,Grad DevOps Engineer / Fantastic Career move / Salary to $120k+ benefits,10/01/23,"Auckland CBD, Auckland"
749,Senior C# Developer,10/01/23,"Hamilton Lake, Waikato"
750,Front end developer,10/01/23,"Penrose, Auckland"
751,Service Delivery Manager,10/01/23,"Wellington Central, Wellington"
752,QA - Backend,10/01/23,Auckland
753,Full Stack Developer,10/01/23,"Wellington Central, Wellington"
754,Business Consultant | Auckland,10/01/23,"Auckland CBD, Auckland"
755,Senior Software Engineer,10/01/23,"Havelock North, Hawkes Bay"
756,Associate Software Engineer,10/01/23,"Wellington Central, Wellington"
757,Drupal Developer,10/01/23,Auckland
758,Drupal Developer,10/01/23,Wellington
759,Senior Software Engineer,10/01/23,"Auckland CBD, Auckland"
760,Senior React Developer,10/01/23,"Auckland CBD, Auckland"
761,React Developer,10/01/23,"Auckland CBD, Auckland"
762,Intermediate Software Engineer,10/01/23,"Auckland CBD, Auckland"
763,Developer - Application Support,10/01/23,"Auckland CBD, Auckland"
764,Full Stack Developer (.NET),10/01/23,Wellington
765,Embedded Software Engineer,10/01/23,"Christchurch Central, Canterbury"
766,Senior Front-end Engineer,10/01/23,"Auckland CBD, Auckland"
767,Senior Frontend Software Engineer,10/01/23,"Wellington Central, Wellington"
768,Data Engineer,10/01/23,"Glen Eden, Auckland"
769,Android Developer - Seeking a path to Senior,10/01/23,"Wellington Central, Wellington"
770,iOS Developer - Seeking a path to Lead,10/01/23,"Wellington Central, Wellington"
771,Senior Software Engineer (Front End) - Design System,10/01/23,"Auckland CBD, Auckland"
772,Site Reliability Engineers - Intermediate multiple roles,10/01/23,"Auckland CBD, Auckland"
773,Android Developer - Seeking a path to Lead,10/01/23,"Wellington Central, Wellington"
774,Senior Developer (Java),10/01/23,Wellington
775,Hybrid Tester and Application Support Technician (Remote Role),9/01/23,"Auckland CBD, Auckland"
776,Hybrid Tester and Application Support Technician (Remote Role),9/01/23,"Wellington Central, Wellington"
777,Hybrid Tester and Application Support Technician (Remote Role),9/01/23,"Christchurch Central, Canterbury"
778,Hybrid Tester and Application Support Technician (Remote Role),9/01/23,"Dunedin Central, Otago"
779,Bachelor of Animation Tutor,9/01/23,"Wellington Central, Wellington"
780,Senior Software Engineer C ++,9/01/23,"Auckland CBD, Auckland"
781,Test Engineer,9/01/23,"Auckland CBD, Auckland"
782,Software Engineer,9/01/23,"Christchurch Central, Canterbury"
783,IT Manager,9/01/23,"Lincoln, Canterbury"
784,Roading Graduate Engineer,9/01/23,"Alexandra, Otago"
785,Software Engineer,9/01/23,"Auckland CBD, Auckland"
786,Student Recruitment Advisor,9/01/23,"Grafton, Auckland"
787,Squad Tech Lead,9/01/23,"Auckland CBD, Auckland"
788,Intermediate/Senior Analyst Developer multiple roles,9/01/23,"Wellington Central, Wellington"
789,Azure Cloud Engineer,9/01/23,"Auckland CBD, Auckland"
790,.Net Developer,9/01/23,"Wellington Central, Wellington"
791,Platform Engineer (WLG),10/01/23,"Wellington Central, Wellington"
792,Senior Testing Analyst,10/01/23,"Auckland CBD, Auckland"
793,Ruby - Vue / React Full Stack Developer,10/01/23,Auckland
794,Lead Data Engineer,10/01/23,"Auckland CBD, Auckland"
795,Lighting Controls Engineer- Building Automation,10/01/23,"Christchurch Central, Canterbury"
796,Machine Learning / AI Developer,10/01/23,"Havelock North, Hawkes Bay"
797,Android SDK Engineer,9/01/23,Auckland
798,React Developer,9/01/23,Wellington
799,Lead Platform Engineer,9/01/23,"Lower Hutt, Wellington"
800,Lecturer - IT,9/01/23,"Wellington Central, Wellington"
801,Web & Graphic Design Tutor,9/01/23,"Christchurch Central, Canterbury"
802,Web & Graphic Design Tutor,9/01/23,"Wellington Central, Wellington"
803,Web & Graphic Design Tutor,9/01/23,"Auckland CBD, Auckland"
804,Lead Security Engineer,9/01/23,"Lower Hutt, Wellington"
805,Senior Cloud Engineer,9/01/23,"Wellington Central, Wellington"
806,Intermediate Developer,9/01/23,"Christchurch Central, Canterbury"
807,Software Developer (Full Stack),9/01/23,Wellington
808,Senior Software Engineer - Nestjs/Nextjs/TypeScript,9/01/23,"Mount Maunganui, Bay of Plenty"
809,Account Manager,9/01/23,"Auckland CBD, Auckland"
810,Senior Flutter Developer,9/01/23,"Auckland CBD, Auckland"
811,Senior Flutter Developer (contract),9/01/23,"Auckland CBD, Auckland"
812,CRM Developer / Functional Consultant,9/01/23,Auckland
813,Regional Network Engineer,9/01/23,Auckland
814,Front End Web Developer,9/01/23,"Wellington Central, Wellington"
815,Product Support Specialist / Front End Web Developer,9/01/23,"Wellington Central, Wellington"
816,4 x Robotics and Coding Educators: Immediate Start,9/01/23,"Manukau, Auckland"
817,Service Desk Analyst - Casual,9/01/23,"Christchurch Central, Canterbury"
818,Sales Development Representative,9/01/23,"Wellington Central, Wellington"
819,Smallworld Developer/ Consultant,9/01/23,"Auckland CBD, Auckland"
820,Software Development Tech Lead,9/01/23,"Freemans Bay, Auckland"
821,Software Developer,9/01/23,"Wellington Central, Wellington"
822,Embedded Application Design Engineer,9/01/23,"Albany, Auckland"
823,Development Lead ,9/01/23,"Wellington Central, Wellington"
824,App Developer,9/01/23,"Palmerston North Central, Manawatu"
825,Senior .NET Software Developer,9/01/23,"Wellington Central, Wellington"
826,Software Developer - DevOps,9/01/23,"Christchurch Central, Canterbury"
827,Graduate - Junior Structural Engineer - Hawkes Bay,9/01/23,"Napier South, Hawkes Bay"
828,iOS Developer,9/01/23,Auckland
829,Senior .NET Developer,9/01/23,"Wellington Central, Wellington"
830,Senior .Net Developer - Microservices - Up to $160K NZD - 3 days WFH,9/01/23,Auckland
831,Learning & Development Lead,9/01/23,Auckland
832,Head of Web Development & UX,9/01/23,"Christchurch Central, Canterbury"
833,Senior Full Stack Engineer,9/01/23,"Christchurch Central, Canterbury"
834,Intermediate/Senior Developer,9/01/23,"Wellington Central, Wellington"
835,Senior Contract Developer,9/01/23,Wellington
836,Test Analyst (Intermediate or Senior),9/01/23,"Auckland CBD, Auckland"
837,.NET Senior Developer,9/01/23,"Christchurch Central, Canterbury"
838,Senior Technical Business Analyst,9/01/23,"Auckland CBD, Auckland"
839,Test Automation Engineer,9/01/23,"Takapuna, Auckland"
840,Senior Tester,9/01/23,"Christchurch Central, Canterbury"
841,Salesforce Functional Lead,9/01/23,"East Tamaki, Auckland"
842,Front-end Automation Tester,9/01/23,Auckland
843,Site Reliability Engineers,9/01/23,"Auckland CBD, Auckland"
844,Full Stack Developer,9/01/23,Auckland
845,Senior Software Engineer,9/01/23,"Auckland CBD, Auckland"
846,Software Developer,9/01/23,Auckland
847,Test Engineer,9/01/23,"Wellington Central, Wellington"
848,Senior Software Engineer,9/01/23,"Christchurch Central, Canterbury"
849,Test Analyst,9/01/23,Auckland
850,Data Centre Site Lead 24x7,9/01/23,"Auckland CBD, Auckland"
851,Automation Tester,9/01/23,Auckland
852,Senior Automation Test Engineer | Initial 3 - 6 month contract,9/01/23,Auckland
853,Implementation Consultant  (Backend Software Applications focused),9/01/23,"Auckland CBD, Auckland"
854,DevOps Engineer - RCP,9/01/23,"Auckland CBD, Auckland"
855,Scrum Master,9/01/23,"Trentham, Wellington"
856,Dynamics 365 Developer,9/01/23,"Wellington Central, Wellington"
857,Project Manager,9/01/23,"Wellington Central, Wellington"
858,Java Developer,9/01/23,"Auckland CBD, Auckland"
859,Platform Engineer,9/01/23,"Auckland CBD, Auckland"
860,CAD & CNC Engineering Technicians,6/01/23,"Rotorua Central, Bay of Plenty"
861,.NET Developers | Contract,6/01/23,Auckland
862,Project Programmer/Planner,6/01/23,"Auckland CBD, Auckland"
863,Firmware Engineer,6/01/23,Auckland
864,CTO (Chief Technology Officer) career opportunity in a dynamic kiwi startup.,6/01/23,"Auckland CBD, Auckland"
865,Microsoft System Engineers,6/01/23,"Hamilton Central, Waikato"
866,Graphic Designer / Web Designer / Marketing,7/01/23,"Nelson Central, Tasman"
867,Intermediate Test Analyst,7/01/23,"Christchurch, Canterbury"
868,Geospatial Systems Developer - Work from anywhere in NZ,8/01/23,"Whangarei Central, Northland"
869,MACHINIST,8/01/23,"Christchurch Central, Canterbury"
870,Field Engineer | New Plymouth,8/01/23,"New Plymouth Central, Taranaki"
871,Salesforce Technical Consultant,8/01/23,"Wellington Central, Wellington"
872,Salesforce Technical Architect,8/01/23,"Wellington Central, Wellington"
873,Site Reliability Engineers,8/01/23,"Wellington Central, Wellington"
874,"Learning & Development Business Partner, Engineering & Product Management",8/01/23,"Albany, Auckland"
875,Patent Attorneys,8/01/23,"Auckland CBD, Auckland"
876,Senior Analyst Programmer - CIF,8/01/23,"Wellington Central, Wellington"
877,Fire Engineer,8/01/23,"Wellington Central, Wellington"
878,Android Developer,8/01/23,"Wellington Central, Wellington"
879,Automation Engineer (Senior),9/01/23,Auckland
880,DevOps Engineer,9/01/23,"Auckland CBD, Auckland"
881,Automation Engineering Team Lead,9/01/23,"Manukau & East Auckland, Auckland"
882,API Developer,4/01/23,"Wellington Central, Wellington"
883,.Net Developer,4/01/23,"Wellington Central, Wellington"
884,Software Developer,4/01/23,"Lower Hutt, Wellington"
885,Software Tester,4/01/23,"Lower Hutt, Wellington"
886,Lecturer/Senior Lecturer in AI and Embedded Systems,4/01/23,"Christchurch Central, Canterbury"
887,Software Engineer,4/01/23,"Palmerston North Central, Manawatu"
888,Senior Backend Developer,4/01/23,"Rosedale, Auckland"
889,"Cabinetmakers, Assemblers, CNC Machinists, CNC Programmers",4/01/23,"Glenfield, Auckland"
890,Full Stack Software Developer,4/01/23,"Auckland CBD, Auckland"
891,Software Developers,4/01/23,"Christchurch Central, Canterbury"
892,Senior CRO Specialist,4/01/23,"Auckland CBD, Auckland"
893,Full Stack Software Developer,4/01/23,"Albany, Auckland"
894,Senior Software Engineer,4/01/23,"Newmarket, Auckland"
895,Infastructure Engineer,4/01/23,"Wellington Central, Wellington"
896,Senior .NET Developer,4/01/23,"Newmarket, Auckland"
897,Web developers,5/01/23,"Taupo Central, Waikato"
898,Software Development Team Lead,5/01/23,"Auckland CBD, Auckland"
899,Press Brake Operator - Sheetmetal,5/01/23,"Avondale, Auckland"
900,Senior Business Analyst,5/01/23,Auckland
901,.Net Software Engineers,5/01/23,"Christchurch, Canterbury"
902,Intermediate .NET Software Engineer,5/01/23,"Christchurch Central, Canterbury"
903,Go Software Engineer,5/01/23,"Auckland CBD, Auckland"
904,Senior Software Engineer,1/01/23,"Grey Lynn, Auckland"
905,Site Reliability Engineer,2/01/23,"Newmarket, Auckland"
906,C# Software Engineer,2/01/23,Auckland
907,Full Stack Software Developer,2/01/23,"Auckland CBD, Auckland"
908,CNC Machinist (Programmer / Setter / Operator),2/01/23,"Rosedale, Auckland"
909,Java & Spring Boot - Sr/Lead/Consultant/Developer,2/01/23,"Auckland CBD, Auckland"
910,Solutions Architect _Wellington_Permanent,2/01/23,"Wellington Central, Wellington"
911,Graduate/Intermediate Land Surveyor,2/01/23,"Auckland CBD, Auckland"
912,Junior DevOps and Security Engineer,3/01/23,"Wellington Central, Wellington"
913,Senior Software Developer,3/01/23,"Christchurch, Canterbury"
914,Senior Software Developer,3/01/23,Auckland
915,Web/API Developer,3/01/23,"Addington, Canterbury"
916,Software Engineer | User Account Management,3/01/23,"Wellington Central, Wellington"
917,Software Engineer | Internal Customer System,3/01/23,"Wellington Central, Wellington"
918,PHP Developer,3/01/23,"Rodney & North Shore, Auckland"
919,Senior Project Engineer,3/01/23,Auckland
920,Senior Full Stack Developer - Remote anywhere in NZ,3/01/23,Auckland
921,Senior Full Stack Developer,3/01/23,"Christchurch Central, Canterbury"
922,Senior .Net Developer (Hybrid),3/01/23,"Takapuna, Auckland"
923,Software Engineers,3/01/23,"Auckland CBD, Auckland"
924,Solutions Architect,3/01/23,"East Tamaki, Auckland"
925,Graduate LLC Controls Engineer,3/01/23,"Albany, Auckland"
926,"Engineer and Senior Engineers, (Backend, AWS) - Platform Engineering",9/01/23,"Parnell, Auckland"
927,"Engineer and Senior Engineers, (Backend, AWS) - Platform Engineering",9/01/23,"Wellington Central, Wellington"
928,Junior Business Intelligence Developer,8/01/23,"Wellington Central, Wellington"
929,PHP DevOps Team Lead - Analytics SaaS (100% Remote),7/01/23,"Wellington Central, Wellington"
930,Full Stack Software Engineer,7/01/23,"Christchurch Central, Canterbury"
931,Master of Software Engineering,6/01/23,"Wellington Central, Wellington"
932,Master of Software Engineering,6/01/23,"Christchurch Central, Canterbury"
933,Test Engineer,30/12/22,"Christchurch Central, Canterbury"
934,Oracle EBS Functional Consultant (SCM),30/12/22,Auckland
935,CNC PROGRAMMER - Reputable Auckland Co,31/12/22,"Manukau & East Auckland, Auckland"
936,Senior Test Engineer - Performance/Automation,31/12/22,"Wellington Central, Wellington"
937,Frontend developer (React / Vue),31/12/22,"Christchurch Central, Canterbury"
938,Automation Test Engineer,31/12/22,"Christchurch Central, Canterbury"
939,Senior Software Tester,1/01/23,"Christchurch Central, Canterbury"